{
	"format_version": "1.8.0",
	"animations": {
		"animation.crossEye_idle": {
			"loop": true,
			"animation_length": 2.75,
			"bones": {
				"rightEyelidTop": {
					"rotation": {
						"0.0": {
							"vector": [5.86712, 0.04487, 180]
						},
						"0.2083": {
							"vector": [5.86712, 0.04487, 180]
						},
						"0.2917": {
							"vector": [5, 0, 180]
						},
						"0.375": {
							"vector": [5, 0, 180]
						},
						"0.4583": {
							"vector": [5.86712, 0.04487, 180]
						},
						"1.375": {
							"vector": [5.86712, 0.04487, 180]
						},
						"1.4583": {
							"vector": [5, 0, 180]
						},
						"1.5417": {
							"vector": [5, 0, 180]
						},
						"1.625": {
							"vector": [5.86712, 0.04487, 180]
						},
						"1.75": {
							"vector": [5.86712, 0.04487, 180]
						},
						"1.8333": {
							"vector": [5, 0, 180]
						},
						"1.9167": {
							"vector": [5, 0, 180]
						},
						"2.0": {
							"vector": [5.86712, 0.04487, 180]
						},
						"2.75": {
							"vector": [5.86712, 0.04487, 180]
						}
					},
					"position": {
						"0.0": {
							"vector": [0, 1.5, -0.2]
						},
						"0.2083": {
							"vector": [0, 1.5, -0.2]
						},
						"0.2917": {
							"vector": [0, 0.1, -0.1]
						},
						"0.375": {
							"vector": [0, 0.1, -0.1]
						},
						"0.4583": {
							"vector": [0, 1.5, -0.2]
						},
						"1.375": {
							"vector": [0, 1.5, -0.2]
						},
						"1.4583": {
							"vector": [0, 0.1, -0.1]
						},
						"1.5417": {
							"vector": [0, 0.1, -0.1]
						},
						"1.625": {
							"vector": [0, 1.5, -0.2]
						},
						"1.75": {
							"vector": [0, 1.5, -0.2]
						},
						"1.8333": {
							"vector": [0, 0.1, -0.1]
						},
						"1.9167": {
							"vector": [0, 0.1, -0.1]
						},
						"2.0": {
							"vector": [0, 1.5, -0.2]
						},
						"2.75": {
							"vector": [0, 1.5, -0.2]
						}
					}
				},
				"rightEyelidBottom": {
					"rotation": {
						"0.0": {
							"vector": [5, 0, 0]
						},
						"0.2083": {
							"vector": [5, 0, 0]
						},
						"0.2917": {
							"vector": [5, 0, 0]
						},
						"0.375": {
							"vector": [5, 0, 0]
						},
						"0.4583": {
							"vector": [5, 0, 0]
						},
						"1.375": {
							"vector": [5, 0, 0]
						},
						"1.4583": {
							"vector": [5, 0, 0]
						},
						"1.5417": {
							"vector": [5, 0, 0]
						},
						"1.625": {
							"vector": [5, 0, 0]
						},
						"1.75": {
							"vector": [5, 0, 0]
						},
						"1.8333": {
							"vector": [5, 0, 0]
						},
						"1.9167": {
							"vector": [5, 0, 0]
						},
						"2.0": {
							"vector": [5, 0, 0]
						},
						"2.75": {
							"vector": [5, 0, 0]
						}
					},
					"position": {
						"0.0": {
							"vector": [0, -0.5, -0.2]
						},
						"0.2083": {
							"vector": [0, -0.5, -0.2]
						},
						"0.2917": {
							"vector": [0, 0.2, -0.2]
						},
						"0.375": {
							"vector": [0, 0.2, -0.2]
						},
						"0.4583": {
							"vector": [0, -0.5, -0.2]
						},
						"1.375": {
							"vector": [0, -0.5, -0.2]
						},
						"1.4583": {
							"vector": [0, 0.2, -0.2]
						},
						"1.5417": {
							"vector": [0, 0.2, -0.2]
						},
						"1.625": {
							"vector": [0, -0.5, -0.2]
						},
						"1.75": {
							"vector": [0, -0.5, -0.2]
						},
						"1.8333": {
							"vector": [0, 0.2, -0.2]
						},
						"1.9167": {
							"vector": [0, 0.2, -0.2]
						},
						"2.0": {
							"vector": [0, -0.5, -0.2]
						},
						"2.75": {
							"vector": [0, -0.5, -0.2]
						}
					}
				},
				"leftEyelidTop": {
					"rotation": {
						"0.0": {
							"vector": [5.4387, -0.00953, 180]
						},
						"0.2083": {
							"vector": [5.4387, -0.00953, 180]
						},
						"0.4583": {
							"vector": [5.4387, -0.00953, 180]
						},
						"1.375": {
							"vector": [5.4387, -0.00953, 180]
						},
						"1.625": {
							"vector": [5.4387, -0.00953, 180]
						},
						"1.75": {
							"vector": [5.4387, -0.00953, 180]
						},
						"2.0": {
							"vector": [5.4387, -0.00953, 180]
						},
						"2.75": {
							"vector": [5.4387, -0.00953, 180]
						}
					},
					"position": {
						"0.0": {
							"vector": [0, 1.5, -0.2]
						},
						"0.2083": {
							"vector": [0, 1.5, -0.2]
						},
						"0.2917": {
							"vector": [0, 0.1, -0.1]
						},
						"0.375": {
							"vector": [0, 0.1, -0.1]
						},
						"0.4583": {
							"vector": [0, 1.5, -0.2]
						},
						"1.375": {
							"vector": [0, 1.5, -0.2]
						},
						"1.4583": {
							"vector": [0, 0.1, -0.1]
						},
						"1.5417": {
							"vector": [0, 0.1, -0.1]
						},
						"1.625": {
							"vector": [0, 1.5, -0.2]
						},
						"1.75": {
							"vector": [0, 1.5, -0.2]
						},
						"1.8333": {
							"vector": [0, 0.1, -0.1]
						},
						"1.9167": {
							"vector": [0, 0.1, -0.1]
						},
						"2.0": {
							"vector": [0, 1.5, -0.2]
						},
						"2.75": {
							"vector": [0, 1.5, -0.2]
						}
					}
				},
				"leftEyelidBottom": {
					"rotation": {
						"0.0": {
							"vector": [5, 0, 0]
						},
						"0.2083": {
							"vector": [5, 0, 0]
						},
						"0.4583": {
							"vector": [5, 0, 0]
						},
						"1.375": {
							"vector": [5, 0, 0]
						},
						"1.625": {
							"vector": [5, 0, 0]
						},
						"1.75": {
							"vector": [5, 0, 0]
						},
						"2.0": {
							"vector": [5, 0, 0]
						},
						"2.75": {
							"vector": [5, 0, 0]
						}
					},
					"position": {
						"0.0": {
							"vector": [0, -0.5, -0.2]
						},
						"0.2083": {
							"vector": [0, -0.5, -0.2]
						},
						"0.2917": {
							"vector": [0, 0.2, -0.2]
						},
						"0.375": {
							"vector": [0, 0.2, -0.2]
						},
						"0.4583": {
							"vector": [0, -0.5, -0.2]
						},
						"1.375": {
							"vector": [0, -0.5, -0.2]
						},
						"1.4583": {
							"vector": [0, 0.2, -0.2]
						},
						"1.5417": {
							"vector": [0, 0.2, -0.2]
						},
						"1.625": {
							"vector": [0, -0.5, -0.2]
						},
						"1.75": {
							"vector": [0, -0.5, -0.2]
						},
						"1.8333": {
							"vector": [0, 0.2, -0.2]
						},
						"1.9167": {
							"vector": [0, 0.2, -0.2]
						},
						"2.0": {
							"vector": [0, -0.5, -0.2]
						},
						"2.75": {
							"vector": [0, -0.5, -0.2]
						}
					}
				}
			}
		}
	},
	"geckolib_format_version": 2
}