{
	"format_version": "1.8.0",
	"animations": {
		"animation.devourer_idle": {
			"loop": true,
			"animation_length": 2.5,
			"bones": {
				"body": {
					"rotation": {
						"0.0": {
							"vector": [15, 0, 0]
						},
						"0.8333": {
							"vector": [5, 0, 10]
						},
						"1.6667": {
							"vector": [-15.30014, 1.70818, -9.9299]
						},
						"2.5": {
							"vector": [15, 0, 0]
						}
					}
				},
				"leftFrontTendrils": {
					"rotation": {
						"0.0": {
							"vector": [0, -35, 0]
						},
						"0.8333": {
							"vector": [0, -15, 0]
						},
						"1.6667": {
							"vector": [0, 10, 0]
						},
						"2.5": {
							"vector": [0, -35, 0]
						}
					}
				},
				"rightFrontTendrils": {
					"rotation": {
						"0.0": {
							"vector": [0, 35, 0]
						},
						"0.8333": {
							"vector": [0, 15, 0]
						},
						"1.6667": {
							"vector": [0, -10, 0]
						},
						"2.5": {
							"vector": [0, 35, 0]
						}
					}
				},
				"leftSideTendrils": {
					"rotation": {
						"0.0": {
							"vector": [0, -40, 0]
						},
						"0.8333": {
							"vector": [0, -20, 0]
						},
						"1.6667": {
							"vector": [0, -47.5, 0]
						},
						"2.5": {
							"vector": [0, -40, 0]
						}
					}
				},
				"rightSideTendrils": {
					"rotation": {
						"0.0": {
							"vector": [0, 40, 0]
						},
						"0.8333": {
							"vector": [0, 20, 0]
						},
						"1.6667": {
							"vector": [0, 47.5, 0]
						},
						"2.5": {
							"vector": [0, 40, 0]
						}
					}
				},
				"tongue0": {
					"rotation": {
						"0.0": {
							"vector": [32.5, 0, 0]
						},
						"0.8333": {
							"vector": [-23.78773, 18.42031, -7.92945]
						},
						"1.6667": {
							"vector": [36.69146, -16.27014, -11.79198]
						},
						"2.5": {
							"vector": [32.5, 0, 0]
						}
					}
				},
				"tongue1": {
					"rotation": {
						"0.0": {
							"vector": [40, 32.5, 0]
						},
						"0.8333": {
							"vector": [20.33675, -29.25089, 10.1682]
						},
						"1.6667": {
							"vector": [-77.23973, 30.03698, 0.50131]
						},
						"2.5": {
							"vector": [40, 32.5, 0]
						}
					}
				},
				"tongue2": {
					"rotation": {
						"0.0": {
							"vector": [52.5, -65, 0]
						},
						"0.8333": {
							"vector": [22.55186, 46.87723, 3.5633]
						},
						"1.6667": {
							"vector": [-50.7534, -43.87455, 20.98735]
						},
						"2.5": {
							"vector": [52.5, -65, 0]
						}
					}
				}
			}
		},
		"animation.devourer_walk": {
			"loop": true,
			"animation_length": 2,
			"bones": {
				"left_leg": {
					"rotation": {
						"0.0": {
							"vector": [-25, 0, 0]
						},
						"0.5": {
							"vector": [0, 0, 0]
						},
						"1.0": {
							"vector": [25, 0, 0]
						},
						"1.5": {
							"vector": [0, 0, 0]
						},
						"2.0": {
							"vector": [-25, 0, 0]
						}
					}
				},
				"right_leg": {
					"rotation": {
						"0.0": {
							"vector": [25, 0, 0]
						},
						"0.5": {
							"vector": [0, 0, 0]
						},
						"1.0": {
							"vector": [-25, 0, 0]
						},
						"1.5": {
							"vector": [0, 0, 0]
						},
						"2.0": {
							"vector": [25, 0, 0]
						}
					}
				},
				"body": {
					"rotation": {
						"0.0": {
							"vector": [15, 0, 0]
						},
						"0.5": {
							"vector": [5, 0, 10]
						},
						"1.0": {
							"vector": [-15.30014, 1.70818, -9.9299]
						},
						"1.5": {
							"vector": [4.69986, 1.70818, -9.9299]
						},
						"2.0": {
							"vector": [15, 0, 0]
						}
					}
				},
				"leftFrontTendrils": {
					"rotation": {
						"0.0": {
							"vector": [0, -35, 0]
						},
						"0.5": {
							"vector": [0, -15, 0]
						},
						"1.0": {
							"vector": [0, 10, 0]
						},
						"1.5": {
							"vector": [0, -15, 0]
						},
						"2.0": {
							"vector": [0, -35, 0]
						}
					}
				},
				"rightFrontTendrils": {
					"rotation": {
						"0.0": {
							"vector": [0, 35, 0]
						},
						"0.5": {
							"vector": [0, 15, 0]
						},
						"1.0": {
							"vector": [0, -10, 0]
						},
						"1.5": {
							"vector": [0, 15, 0]
						},
						"2.0": {
							"vector": [0, 35, 0]
						}
					}
				},
				"leftSideTendrils": {
					"rotation": {
						"0.0": {
							"vector": [0, -40, 0]
						},
						"0.5": {
							"vector": [0, -20, 0]
						},
						"1.0": {
							"vector": [0, -47.5, 0]
						},
						"1.5": {
							"vector": [0, -20, 0]
						},
						"2.0": {
							"vector": [0, -40, 0]
						}
					}
				},
				"rightSideTendrils": {
					"rotation": {
						"0.0": {
							"vector": [0, 40, 0]
						},
						"0.5": {
							"vector": [0, 20, 0]
						},
						"1.0": {
							"vector": [0, 47.5, 0]
						},
						"1.5": {
							"vector": [0, 20, 0]
						},
						"2.0": {
							"vector": [0, 40, 0]
						}
					}
				},
				"tongue0": {
					"rotation": {
						"0.0": {
							"vector": [32.5, 0, 0]
						},
						"0.5": {
							"vector": [-23.78773, 18.42031, -7.92945]
						},
						"1.0": {
							"vector": [36.69146, -16.27014, -11.79198]
						},
						"1.5": {
							"vector": [-22.5193, -2.30959, 0.95723]
						},
						"2.0": {
							"vector": [32.5, 0, 0]
						}
					}
				},
				"tongue1": {
					"rotation": {
						"0.0": {
							"vector": [40, 32.5, 0]
						},
						"0.5": {
							"vector": [20.33675, -29.25089, 10.1682]
						},
						"1.0": {
							"vector": [-77.23973, 30.03698, 0.50131]
						},
						"1.5": {
							"vector": [20.33675, -29.25089, 10.1682]
						},
						"2.0": {
							"vector": [40, 32.5, 0]
						}
					}
				},
				"tongue2": {
					"rotation": {
						"0.0": {
							"vector": [52.5, -65, 0]
						},
						"0.5": {
							"vector": [22.55186, 46.87723, 3.5633]
						},
						"1.0": {
							"vector": [-50.7534, -43.87455, 20.98735]
						},
						"1.5": {
							"vector": [22.55186, 46.87723, 3.5633]
						},
						"2.0": {
							"vector": [52.5, -65, 0]
						}
					}
				}
			}
		},
		"animation.devourer_attack": {
			"animation_length": 0.3333,
			"bones": {
				"left_leg": {
					"rotation": {
						"0.0": {
							"vector": [0, 0, 0]
						},
						"0.1667": {
							"vector": [-5, 0, 0]
						},
						"0.3333": {
							"vector": [0, 0, 0]
						}
					}
				},
				"right_leg": {
					"rotation": {
						"0.0": {
							"vector": [0, 0, 0]
						},
						"0.1667": {
							"vector": [5, 0, 0]
						},
						"0.3333": {
							"vector": [0, 0, 0]
						}
					}
				},
				"body": {
					"rotation": {
						"0.0": {
							"vector": [-15, 0, 0]
						},
						"0.1667": {
							"vector": [10, 0, 0]
						},
						"0.3333": {
							"vector": [0, 0, 0]
						}
					}
				},
				"leftFrontTendrils": {
					"rotation": {
						"0.0": {
							"vector": [0, -12.5, 0]
						},
						"0.1667": {
							"vector": [0, 37.5, 0]
						},
						"0.3333": {
							"vector": [0, 22.5, 0]
						}
					}
				},
				"rightFrontTendrils": {
					"rotation": {
						"0.0": {
							"vector": [0, 12.5, 0]
						},
						"0.1667": {
							"vector": [0, -37.5, 0]
						},
						"0.3333": {
							"vector": [0, -22.5, 0]
						}
					}
				},
				"leftSideTendrils": {
					"rotation": {
						"0.0": {
							"vector": [0, -10, 0]
						},
						"0.1667": {
							"vector": [0, 40, 0]
						},
						"0.3333": {
							"vector": [0, 25, 0]
						}
					}
				},
				"rightSideTendrils": {
					"rotation": {
						"0.0": {
							"vector": [0, 10, 0]
						},
						"0.1667": {
							"vector": [0, -40, 0]
						},
						"0.3333": {
							"vector": [0, -25, 0]
						}
					}
				},
				"tongue0": {
					"rotation": {
						"0.0": {
							"vector": [25, 0, 0]
						},
						"0.1667": {
							"vector": [25.76926, -13.56626, -6.46066]
						},
						"0.3333": {
							"vector": [25, 0, 0]
						}
					}
				},
				"tongue1": {
					"rotation": {
						"0.0": {
							"vector": [20.88852, 16.41371, 6.15491]
						},
						"0.1667": {
							"vector": [-46.4568, 32.61461, -13.46783]
						},