{
	"format_version": "1.8.0",
	"animations": {
		"animation.goreSpitter_aggressive": {
			"loop": true,
			"animation_length": 1.5,
			"bones": {
				"body": {
					"rotation": {
						"0.0": {
							"vector": [2.49762, 0.10901, -2.49762]
						},
						"0.5": {
							"vector": [-5.0095, -0.21782, 4.99527]
						},
						"1.0": {
							"vector": [-4.84435, -1.29563, -7.45946]
						},
						"1.5": {
							"vector": [2.49762, 0.10901, -2.49762]
						}
					}
				},
				"middle_body": {
					"rotation": {
						"0.0": {
							"vector": [17.43745, -1.50179, 4.76968]
						},
						"0.5": {
							"vector": [9.85932, 2.24944, -7.15656]
						},
						"1.0": {
							"vector": [10.10993, 0.07376, 5.15592]
						},
						"1.5": {
							"vector": [17.43745, -1.50179, 4.76968]
						}
					}
				},
				"upper_body": {
					"rotation": {
						"0.0": {
							"vector": [12.39638, 1.61888, -7.32417]
						},
						"0.5": {
							"vector": [19.89638, -1.61888, 7.32417]
						},
						"1.0": {
							"vector": [19.66539, 3.48331, -6.78797]
						},
						"1.5": {
							"vector": [12.39638, 1.61888, -7.32417]
						}
					}
				},
				"roots0": {
					"rotation": {
						"0.0": {
							"vector": [0, 0, 7.5]
						},
						"1.5": {
							"vector": [0, 0, 7.5]
						}
					}
				},
				"head": {
					"rotation": {
						"0.0": {
							"vector": [-14.94548, 1.29256, 4.83045]
						},
						"0.5": {
							"vector": [-6.83501, -4.46375, -16.93839]
						},
						"1.0": {
							"vector": [-8.15399, 0.24645, 17.77735]
						},
						"1.5": {
							"vector": [-14.94548, 1.29256, 4.83045]
						}
					}
				},
				"roots1": {
					"rotation": {
						"0.0": {
							"vector": [0, 0, -7.5]
						},
						"1.5": {
							"vector": [0, 0, -7.5]
						}
					}
				},
				"roots2": {
					"rotation": {
						"0.0": {
							"vector": [-5, 0, 0]
						},
						"1.5": {
							"vector": [-5, 0, 0]
						}
					}
				},
				"roots3": {
					"rotation": {
						"0.0": {
							"vector": [5, 0, 0]
						},
						"1.5": {
							"vector": [5, 0, 0]
						}
					}
				}
			}
		},
		"animation.goreSpitter_walk": {
			"loop": true,
			"animation_length": 1.5,
			"bones": {
				"body": {
					"rotation": {
						"0.0": {
							"vector": [2.49762, 0.10901, -2.49762]
						},
						"0.5": {
							"vector": [-5.0095, -0.21782, 4.99527]
						},
						"1.0": {
							"vector": [-4.84435, -1.29563, -7.45946]
						},
						"1.5": {
							"vector": [2.49762, 0.10901, -2.49762]
						}
					}
				},
				"middle_body": {
					"rotation": {
						"0.0": {
							"vector": [17.43745, -1.50179, 4.76968]
						},
						"0.5": {
							"vector": [9.85932, 2.24944, -7.15656]
						},
						"1.0": {
							"vector": [10.10993, 0.07376, 5.15592]
						},
						"1.5": {
							"vector": [17.43745, -1.50179, 4.76968]
						}
					}
				},
				"upper_body": {
					"rotation": {
						"0.0": {
							"vector": [12.39638, 1.61888, -7.32417]
						},
						"0.5": {
							"vector": [19.89638, -1.61888, 7.32417]
						},
						"1.0": {
							"vector": [19.66539, 3.48331, -6.78797]
						},
						"1.5": {
							"vector": [12.39638, 1.61888, -7.32417]
						}
					}
				},
				"roots0": {
					"rotation": {
						"0.0": {
							"vector": [0, 0, -17.5]
						},
						"0.5": {
							"vector": [0, 0, -12.5]
						},
						"1.0": {
							"vector": [0, 0, 10]
						},
						"1.5": {
							"vector": [0, 0, -17.5]
						}
					}
				},
				"head": {
					"rotation": {
						"0.0": {
							"vector": [-14.94548, 1.29256, 4.83045]
						},
						"0.5": {
							"vector": [-6.83501, -4.46375, -16.93839]
						},
						"1.0": {
							"vector": [-8.15399, 0.24645, 17.77735]
						},
						"1.5": {
							"vector": [-14.94548, 1.29256, 4.83045]
						}
					}
				},
				"roots1": {
					"rotation": {
						"0.0": {
							"vector": [0, 0, -7.5]
						},
						"0.5": {
							"vector": [0, 0, 20]
						},
						"1.0": {
							"vector": [0, 0, -7.5]
						},
						"1.5": {
							"vector": [0, 0, -7.5]
						}
					}
				},
				"roots2": {
					"rotation": {
						"0.0": {
							"vector": [-5, 0, 0]
						},
						"0.5": {
							"vector": [17.5, 0, 0]
						},
						"1.0": {
							"vector": [17.5, 0, 0]
						},
						"1.5": {
							"vector": [-5, 0, 0]
						}
					}
				},
				"roots3": {
					"rotation": {
						"0.0": {
							"vector": [-15, 0, 0]
						},
						"0.5": {
							"vector": [5, 0, 0]
						},
						"1.0": {
							"vector": [-20, 0, 0]
						},
						"1.5": {
							"vector": [-15, 0, 0]
						}
					}
				}
			}
		},
		"animation.goreSpitter_idle": {
			"loop": true,
			"animation_length": 5,
			"bones": {
				"body": {
					"rotation": {
						"0.0": {
							"vector": [2.49762, 0.10901, -2.49762]
						},
						"1.6667": {
							"vector": [-5.0095, -0.21782, 4.99527]
						},
						"3.3333": {
							"vector": [-4.84435, -1.29563, -7.45946]
						},
						"5.0": {
							"vector": [2.49762, 0.10901, -2.49762]
						}
					}
				},
				"middle_body": {
					"rotation": {
						"0.0": {
							"vector": [17.43745, -1.50179, 4.76968]
						},
						"1.6667": {
							"vector": [9.85932, 2.24944, -7.15656]
						},
						"3.3333": {
							"vector": [10.10993, 0.07376, 5.15592]
						},
						"5.0": {
							"vector": [17.43745, -1.50179, 4.76968]
						}
					}
				},
				"upper_body": {
					"rotation": {
						"0.0": {
							"vector": [12.39638, 1.61888, -7.32417]
						},
						"1.6667": {
							"vector": [19.89638, -1.61888, 7.32417]
						},
						"3.3333": {
							"vector": [19.66539, 3.48331, -6.78797]
						},
						"5.0": {
							"vector": [12.39638, 1.61888, -7.32417]
						}
					}
				},
				"roots0": {
					"rotation": {
						"0.0": {
							"vector": [0, 0, 7.5]
						},
						"5.0": {
							"vector": [0, 0, 7.5]
						}
					}
				},
				"head": {
					"rotation": {
						"0.0": {
							"vector": [-14.94548, 1.29256, 4.83045]
						},
						"1.6667": {
							"vector": [-6.83501, -4.46375, -16.93839]
						},
						"3.3333": {
							"vector": [-8.15399, 0.24645, 17.77735]
						},
						"5.0": {
							"vector": [-14.94548, 1.29256, 4.83045]
						}
					}
				},
				"roots1": {
					"rotation": {
						"0.0": {
							"vector": [0, 0, -7.5]
						},
						"5.0": {
							"vector": [0, 0, -7.5]
						}
					}
				},
				"roots2": {
					"rotation": {
						"0.0": {
							"vector": [-5, 0, 0]
						},
						"5.0": {
							"vector": [-5, 0, 0]
						}
					}
				},
				"roots3": {
					"rotation": {
						"0.0": {
							"vector": [5, 0, 0]
						},
						"5.0": {
							"vector": [5, 0, 0]
						}
					}
				}
			}
		}
	},
	"geckolib_format_version": 2
}