{
	"format_version": "1.8.0",
	"animations": {
		"animation.nightmare_idle": {
			"loop": true,
			"animation_length": 1.25,
			"bones": {
				"body": {
					"rotation": {
						"0.0": {
							"vector": [-22.5, 0, 0]
						},
						"0.0521": {
							"vector": [32.08, 0, 0]
						},
						"0.1042": {
							"vector": [-22.5, 0, 0]
						},
						"0.3125": {
							"vector": [5, 0, 0]
						},
						"0.3646": {
							"vector": [-27.48603, -0.21646, -1.23122]
						},
						"0.4167": {
							"vector": [5, 0, 0]
						},
						"0.625": {
							"vector": [-9.91615, -1.29876, -7.38733]
						},
						"0.6771": {
							"vector": [-5.37763, -5.33544, -38.49903]
						},
						"0.7292": {
							"vector": [-9.91615, -1.29876, -7.38733]
						},
						"0.9375": {
							"vector": [4.83045, -1.29256, 14.94548]
						},
						"0.9896": {
							"vector": [42.77537, -1.07714, 12.45457]
						},
						"1.0417": {
							"vector": [4.83045, -1.29256, 14.94548]
						},
						"1.25": {
							"vector": [-22.5, 0, 0]
						}
					}
				},
				"head1": {
					"rotation": {
						"0.0": {
							"vector": [15, 0, 0]
						},
						"0.0521": {
							"vector": [59.20891, 27.00952, 5.37691]
						},
						"0.1042": {
							"vector": [15, 0, 0]
						},
						"0.3125": {
							"vector": [-12.5, 0, 0]
						},
						"0.3646": {
							"vector": [-45.72898, -35.6044, -29.57735]
						},
						"0.4167": {
							"vector": [-12.5, 0, 0]
						},
						"0.625": {
							"vector": [0, 0, 0]
						},
						"0.6771": {
							"vector": [-0.56513, -42.49861, 0.3818]
						},
						"0.7292": {
							"vector": [0, 0, 0]
						},
						"0.9375": {
							"vector": [-2.5, 0, 0]
						},
						"0.9896": {
							"vector": [30.49403, 32.49903, 0.26544]
						},
						"1.0417": {
							"vector": [-2.5, 0, 0]
						},
						"1.25": {
							"vector": [15, 0, 0]
						}
					}
				},
				"head2": {
					"rotation": {
						"0.0": {
							"vector": [15, 0, 0]
						},
						"0.0521": {
							"vector": [-26.35579, -34.48923, -6.36491]
						},
						"0.1042": {
							"vector": [15, 0, 0]
						},
						"0.3125": {
							"vector": [-20, 0, 0]
						},
						"0.3646": {
							"vector": [15.83695, 40.8772, -66.56559]
						},
						"0.4167": {
							"vector": [-20, 0, 0]
						},
						"0.625": {
							"vector": [0, 0, 0]
						},
						"0.6771": {
							"vector": [-1.17868, 1.17843, 44.98788]
						},
						"0.7292": {
							"vector": [0, 0, 0]
						},
						"0.9375": {
							"vector": [-10, 0, 0]
						},
						"0.9896": {
							"vector": [6.67121, -0.62841, -174.96266]
						},
						"1.0417": {
							"vector": [-10, 0, 0]
						},
						"1.25": {
							"vector": [15, 0, 0]
						}
					}
				},
				"left_arm": {
					"rotation": {
						"0.0": {
							"vector": [22.5, 0, 0]
						},
						"0.3125": {
							"vector": [-5, 0, 0]
						},
						"0.625": {
							"vector": [9.96271, -0.86717, 4.92442]
						},
						"0.9375": {
							"vector": [-4.83045, -1.29256, -14.94548]
						},
						"1.25": {
							"vector": [22.5, 0, 0]
						}
					}
				},
				"right_arm": {
					"rotation": {
						"0.0": {
							"vector": [22.5, 0, 0]
						},
						"0.3125": {
							"vector": [-5, 0, 0]
						},
						"0.625": {
							"vector": [9.91615, -1.29876, 7.38733]
						},
						"0.9375": {
							"vector": [-4.88206, -1.08089, -12.45392]
						},
						"1.25": {
							"vector": [22.5, 0, 0]
						}
					}
				}
			}
		},
		"animation.nightmare_walk": {
			"loop": true,
			"animation_length": 1.0417,
			"bones": {
				"left_leg": {
					"rotation": {
						"0.0": {
							"vector": [-25, 0, 0]
						},
						"0.2604": {
							"vector": [0, 0, 0]
						},
						"0.5208": {
							"vector": [25, 0, 0]
						},
						"0.7813": {
							"vector": [12.5, 0, 0]
						},
						"1.0417": {
							"vector": [-25, 0, 0]
						}
					}
				},
				"right_leg": {
					"rotation": {
						"0.0": {
							"vector": [25, 0, 0]
						},
						"0.2604": {
							"vector": [12.5, 0, 0]
						},
						"0.5208": {
							"vector": [-25, 0, 0]
						},
						"0.7813": {
							"vector": [0, 0, 0]
						},
						"1.0417": {
							"vector": [25, 0, 0]
						}
					}
				},
				"body": {
					"rotation": {
						"0.0": {
							"vector": [-22.5, 0, 0]
						},
						"0.0434": {
							"vector": [32.08, 0, 0]
						},
						"0.0868": {
							"vector": [-22.5, 0, 0]
						},
						"0.2604": {
							"vector": [5, 0, 0]
						},
						"0.3038": {
							"vector": [-27.48603, -0.21646, -1.23122]
						},
						"0.3472": {
							"vector": [5, 0, 0]
						},
						"0.5208": {
							"vector": [-9.91615, -1.29876, -7.38733]
						},
						"0.5642": {
							"vector": [-5.37763, -5.33544, -38.49903]
						},
						"0.6076": {
							"vector": [-9.91615, -1.29876, -7.38733]
						},
						"0.7813": {
							"vector": [4.83045, -1.29256, 14.94548]
						},
						"0.8247": {
							"vector": [42.77537, -1.07714, 12.45457]
						},
						"0.8681": {
							"vector": [4.83045, -1.29256, 14.94548]
						},
						"1.0417": {
							"vector": [-22.5, 0, 0]
						}
					}
				},
				"head1": {
					"rotation": {
						"0.0": {
							"vector": [15, 0, 0]
						},
						"0.0434": {
							"vector": [59.20891, 27.00952, 5.37691]
						},
						"0.0868": {
							"vector": [15, 0, 0]
						},
						"0.2604": {
							"vector": [-12.5, 0, 0]
						},
						"0.3038": {
							"vector": [-45.72898, -35.6044, -29.57735]
						},
						"0.3472": {
							"vector": [-12.5, 0, 0]
						},
						"0.5208": {
							"vector": [0, 0, 0]
						},
						"0.5642": {
							"vector": [-0.56513, -42.49861, 0.3818]
						},
						"0.6076": {
							"vector": [0, 0, 0]
						},
						"0.7813": {
							"vector": [-2.5, 0, 0]
						},
						"0.8247": {
							"vector": [30.49403, 32.49903, 0.26544]
						},
						"0.8681": {
							"vector": [-2.5, 0, 0]
						},
						"1.0417": {
							"vector": [15, 0, 0]
						}
					}
				},
				"head2": {
					"rotation": {
						"0.0": {
							"vector": [15, 0, 0]
						},
						"0.0434": {
							"vector": [-26.35579, -34.48923, -6.36491]
						},
						"0.0868": {
							"vector": [15, 0, 0]
						},
						"0.2604": {
							"vector": [-20, 0, 0]
						},
						"0.3038": {
							"vector": [15.83695, 40.8772, -66.56559]
						},
						"0.3472": {
							"vector": [-20, 0, 0]
						},
						"0.5208": {
							"vector": [0, 0, 0]
						},
						"0.5642": {
							"vector": [-1.17868, 1.17843, 44.98788]
						},
						"0.6076": {
							"vector": [0, 0, 0]
						},
						"0.7813": {
							"vector": [-10, 0, 0]
						},
						"0.8247": {
							"vector": [6.67121, -0.62841, -174.96266]
						},
						"0.8681": {
							"vector": [-10, 0, 0]
						},
						"1.0417": {
							"vector": [15, 0, 0]
						}
					}
				},
				"left_arm": {
					"rotation": {
						"0.0": {
							"vector": [32.5, 0, 0]
						},
						"0.2604": {
							"vector": [-5, 0, 0]
						},
						"0.5208": {
							"vector": [-0.03729, -0.86717, 4.92442]
						},
						"0.7813": {
							"vector": [-4.83045, -1.29256, -14.94548]
						},
						"1.0417": {
							"vector": [32.5, 0, 0]
						}
					}
				},
				"right_arm": {
					"rotation": {
						"0.0": {
							"vector": [12.5, 0, 0]
						},
						"0.2604": {
							"vector": [-5, 0, 0]
						},
						"0.5208": {
							"vector": [19.91615, -1.29876, 7.38733]
						},
						"0.7813": {
							"vector": [-4.88206, -1.08089, -12.45392]
						},
						"1.0417": {
							"vector": [12.5, 0, 0]
						}
					}
				}
			}
		},
		"animation.nightmare_aggressive": {
			"loop": true,
			"animation_length": 0.7285,
			"bones": {
				"left_leg": {
					"rotation": {
						"0.0": {
							"vector": [-40, 0, 0]
						},
						"0.1821": {
							"vector": [0, 0, 0]
						},
						"0.3642": {
							"vector": [40, 0, 0]
						},
						"0.5463": {
							"vector": [12.5, 0, 0]
						},
						"0.7284": {
							"vector": [-40, 0, 0]
						}
					}
				},