{
	"format_version": "1.8.0",
	"animations": {
		"animation.hunter_idle": {
			"loop": true,
			"animation_length": 1.4286,
			"bones": {
				"body": {
					"rotation": {
						"0.0": {
							"vector": [-8, 0, 0]
						},
						"0.3571": {
							"vector": [-3, 0, 0]
						},
						"0.7143": {
							"vector": [7, 0, 0]
						},
						"1.0714": {
							"vector": [-3, 0, 0]
						},
						"1.4286": {
							"vector": [-8, 0, 0]
						}
					},
					"position": {
						"0.0": {
							"vector": [0, -2, 0]
						},
						"0.3571": {
							"vector": [0, -3, 0]
						},
						"0.7143": {
							"vector": [0, -4, 0]
						},
						"1.0714": {
							"vector": [0, -3, 0]
						},
						"1.4286": {
							"vector": [0, -2, 0]
						}
					}
				},
				"tail": {
					"rotation": {
						"0.0": {
							"vector": [-25.33761, 9.05478, -4.26175]
						},
						"0.3571": {
							"vector": [-25.76926, -13.56626, 6.46066]
						},
						"0.7143": {
							"vector": [-33.26926, 13.56626, -6.46066]
						},
						"1.0714": {
							"vector": [-25.76926, -13.56626, 6.46066]
						},
						"1.4286": {
							"vector": [-25.33761, 9.05478, -4.26175]
						}
					}
				},
				"bone2": {
					"rotation": {
						"0.0": {
							"vector": [26.05573, -15.81499, -7.59001]
						},
						"0.3571": {
							"vector": [27.73121, 24.73906, 12.40748]
						},
						"0.7143": {
							"vector": [27.73121, -24.73906, -12.40748]
						},
						"1.0714": {
							"vector": [27.73121, 24.73906, 12.40748]
						},
						"1.4286": {
							"vector": [26.05573, -15.81499, -7.59001]
						}
					}
				},
				"bone3": {
					"rotation": {
						"0.0": {
							"vector": [-27.22644, 22.52101, -11.14843]
						},
						"0.3571": {
							"vector": [-25.33761, -9.05478, 4.26175]
						},
						"0.7143": {
							"vector": [-26.78135, 20.29348, -9.92926]
						},
						"1.0714": {
							"vector": [-25.33761, -9.05478, 4.26175]
						},
						"1.4286": {
							"vector": [-27.22644, 22.52101, -11.14843]
						}
					}
				},
				"head": {
					"rotation": {
						"0.0": {
							"vector": [20, 0, 0]
						},
						"1.4286": {
							"vector": [20, 0, 0]
						}
					}
				},
				"right_leg1": {
					"rotation": {
						"0.0": {
							"vector": [20, 15, 55]
						},
						"1.4286": {
							"vector": [20, 15, 55]
						}
					},
					"position": {
						"0.0": {
							"vector": [0, 0, 0]
						},
						"0.3571": {
							"vector": [0, -1, 0]
						},
						"0.7143": {
							"vector": [0, -3, 0]
						},
						"1.0714": {
							"vector": [0, -1, 0]
						},
						"1.4286": {
							"vector": [0, 0, 0]
						}
					}
				},
				"lowerRight1": {
					"rotation": {
						"0.0": {
							"vector": [0, 0, -105]
						},
						"0.7143": {
							"vector": [0, 0, -120]
						},
						"1.4286": {
							"vector": [0, 0, -105]
						}
					}
				},
				"clawRight1": {
					"rotation": {
						"0.0": {
							"vector": [0, 0, 100]
						},
						"0.7143": {
							"vector": [0, 0, 115]
						},
						"1.4286": {
							"vector": [0, 0, 100]
						}
					}
				},
				"right_leg2": {
					"rotation": {
						"0.0": {
							"vector": [-20, -15, 55]
						},
						"1.4286": {
							"vector": [-20, -15, 55]
						}
					},
					"position": {
						"0.0": {
							"vector": [0, 0, 0]
						},
						"0.3571": {
							"vector": [0, -1, 0]
						},
						"1.0714": {
							"vector": [0, -1, 0]
						},
						"1.4286": {
							"vector": [0, 0, 0]
						}
					}
				},
				"lowerRight2": {
					"rotation": {
						"0.0": {
							"vector": [0, 0, -105]
						},
						"0.7143": {
							"vector": [0, 0, -115]
						},
						"1.4286": {
							"vector": [0, 0, -105]
						}
					}
				},
				"clawRight2": {
					"rotation": {
						"0.0": {
							"vector": [0, 0, 100]
						},
						"0.7143": {
							"vector": [0, 0, 115]
						},
						"1.4286": {
							"vector": [0, 0, 100]
						}
					}
				},
				"left_leg1": {
					"rotation": {
						"0.0": {
							"vector": [20, -15, -55]
						},
						"1.4286": {
							"vector": [20, -15, -55]
						}
					},
					"position": {
						"0.0": {
							"vector": [0, 0, 0]
						},
						"0.3571": {
							"vector": [0, -1, 0]
						},
						"0.7143": {
							"vector": [0, -3, 0]
						},
						"1.0714": {
							"vector": [0, -1, 0]
						},
						"1.4286": {
							"vector": [0, 0, 0]
						}
					}
				},
				"lowerLeft1": {
					"rotation": {
						"0.0": {
							"vector": [0, 0, 105]
						},
						"0.7143": {
							"vector": [0, 0, 120]
						},
						"1.4286": {
							"vector": [0, 0, 105]
						}
					}
				},
				"clawLeft1": {
					"rotation": {
						"0.0": {
							"vector": [0, 0, -100]
						},
						"0.7143": {
							"vector": [0, 0, -115]
						},
						"1.4286": {
							"vector": [0, 0, -100]
						}
					}
				},
				"left_leg2": {
					"rotation": {
						"0.0": {
							"vector": [-20, 15, -55]
						},
						"1.4286": {
							"vector": [-20, 15, -55]
						}
					},
					"position": {
						"0.0": {
							"vector": [0, 0, 0]
						},
						"0.3571": {
							"vector": [0, -1, 0]
						},
						"1.0714": {
							"vector": [0, -1, 0]
						},
						"1.4286": {
							"vector": [0, 0, 0]
						}
					}
				},
				"lowerLeft2": {
					"rotation": {
						"0.0": {
							"vector": [0, 0, 105]
						},
						"0.7143": {
							"vector": [0, 0, 115]
						},
						"1.4286": {
							"vector": [0, 0, 105]
						}
					}
				},
				"clawLeft2": {
					"rotation": {
						"0.0": {
							"vector": [0, 0, -100]
						},
						"0.7143": {
							"vector": [0, 0, -115]
						},
						"1.4286": {
							"vector": [0, 0, -100]
						}
					}
				},
				"neck0": {
					"rotation": {
						"0.0": {
							"vector": [0, 0, 0]
						},
						"0.3571": {
							"vector": [7.5, 0, 0]
						},
						"0.7143": {
							"vector": [5, 0, 0]
						},
						"1.0714": {
							"vector": [7.5, 0, 0]
						},
						"1.4286": {
							"vector": [0, 0, 0]
						}
					}
				},
				"neck1": {
					"rotation": {
						"0.0": {
							"vector": [10, 0, 0]
						},
						"0.3571": {
							"vector": [0, 0, 0]
						},
						"0.7143": {
							"vector": [-12.5, 0, 0]
						},
						"1.0714": {
							"vector": [0, 0, 0]
						},
						"1.4286": {
							"vector": [10, 0, 0]
						}
					}
				},
				"neck2": {
					"rotation": {
						"0.0": {
							"vector": [-20, 0, 0]
						},
						"0.3571": {
							"vector": [-25, 0, 0]
						},
						"0.7143": {
							"vector": [-20, 0, 0]
						},
						"1.0714": {
							"vector": [-25, 0, 0]
						},
						"1.4286": {
							"vector": [-20, 0, 0]
						}
					}
				},
				"headTrue": {
					"rotation": {
						"0.0": {
							"vector": [0, 0, 0]
						},
						"0.4167": {
							"vector": [0, 0, -90]
						},
						"1.0119": {
							"vector": [0, 0, 90]
						},
						"1.4286": {
							"vector": [0, 0, 0]
						}
					}
				},
				"main": {
					"position": {
						"0.0": {
							"vector": [0, 15, 0]
						},
						"1.4286": {
							"vector": [0, 15, 0]
						}
					}
				}
			}
		},
		"animation.hunter_aggressive": {
			"loop": true,
			"animation_length": 0.6361,
			"bones": {
				"body": {
					"rotation": {
						"0.0": {
							"vector": [-7.88, 1.38481, 9.90462]
						},
						"0.3181": {
							"vector": [-7.88, -1.38481, -9.90462]
						},
						"0.6361": {
							"vector": [-7.88, 1.38481, 9.90462]
						}
					},
					"position": {
						"0.0": {
							"vector": [0, -2, 0]
						},
						"0.6361": {
							"vector": [0, -2, 0]
						}
					}
				},
				"tail": {
					"rotation": {
						"0.0": {
							"vector": [-25.33761, 9.05478, -4.26175]
						},
						"0.3181": {
							"vector": [-16.79201, 6.01292, 29.12532]
						},
						"0.6361": {
							"vector": [-25.33761, 9.05478, -4.26175]
						}
					}
				},
				"bone2": {
					"rotation": {
						"0.0": {
							"vector": [27.73121, -24.73906, -12.40748]
						},
						"0.3181": {
							"vector": [25.08377, 4.53051, 2.11751]
						},