{
	"format_version": "1.8.0",
	"animations": {
		"animation.shadowHand_idle": {
			"loop": true,
			"animation_length": 1,
			"bones": {
				"base": {
					"rotation": {
						"0.0": {
							"vector": [5, 0, 0]
						},
						"0.25": {
							"vector": [-5, 0, 0]
						},
						"0.5": {
							"vector": [-4.98107, 0.43523, 4.98107]
						},
						"0.75": {
							"vector": [2.51893, 0.43523, 4.98107]
						},
						"1.0": {
							"vector": [5, 0, 0]
						}
					}
				},
				"arm": {
					"rotation": {
						"0.0": {
							"vector": [17.10967, -3.73171, 11.93845]
						},
						"0.25": {
							"vector": [8.73987, 6.28878, -21.62728]
						},
						"0.5": {
							"vector": [-13.23497, 14.29113, 10.15239]
						},
						"0.75": {
							"vector": [26.76503, 14.29113, 10.15239]
						},
						"1.0": {
							"vector": [17.10967, -3.73171, 11.93845]
						}
					}
				},
				"hand": {
					"rotation": {
						"0.0": {
							"vector": [28.35686, 5.90316, 16.50371]
						},
						"0.25": {
							"vector": [-10.86345, -0.36734, -17.98894]
						},
						"0.5": {
							"vector": [29.13655, -0.36734, -17.98894]
						},
						"0.75": {
							"vector": [1.183, -1.18907, 14.50403]
						},
						"1.0": {
							"vector": [28.35686, 5.90316, 16.50371]
						}
					}
				}
			}
		},
		"animation.shadowHand_attack": {
			"animation_length": 0.5,
			"bones": {
				"base": {
					"rotation": {
						"0.0": {
							"vector": [17.5, 0, 0]
						},
						"0.125": {
							"vector": [25, 0, 0]
						},
						"0.375": {
							"vector": [-5, 0, 0]
						}
					}
				},
				"arm": {
					"rotation": {
						"0.0": {
							"vector": [20, 0, 0]
						},
						"0.125": {
							"vector": [52.5, 0, 0]
						},
						"0.375": {
							"vector": [5, 0, 0]
						}
					}
				},
				"hand": {
					"rotation": {
						"0.0": {
							"vector": [20, 0, 0]
						},
						"0.125": {
							"vector": [57.5, 0, 0]
						},
						"0.375": {
							"vector": [10, 0, 0]
						},
						"0.5": {
							"vector": [-12.5, 0, 0]
						}
					}
				}
			}
		},
		"animation.shadowHand_exit": {
			"animation_length": 1,
			"bones": {
				"base": {
					"position": {
						"0.0": {
							"vector": [0, -63, 0]
						},
						"0.25": {
							"vector": [0, -35, 0]
						},
						"0.5": {
							"vector": [0, -19, 0]
						},
						"0.75": {
							"vector": [0, 0, 0]
						}
					}
				},
				"arm": {
					"rotation": {
						"0.0": {
							"vector": [0, 0, 0]
						},
						"0.25": {
							"vector": [55, 0, 0]
						},
						"0.5": {
							"vector": [85, 0, 0]
						},
						"0.75": {
							"vector": [110, 0, 0]
						},
						"1.0": {
							"vector": [12.5, 0, 0]
						}
					}
				},
				"hand": {
					"rotation": {
						"0.0": {
							"vector": [0, 0, 0]
						},
						"0.25": {
							"vector": [40, 0, 0]
						},
						"0.5": {
							"vector": [27.5, 0, 0]
						},
						"0.75": {
							"vector": [45, 0, 0]
						},
						"1.0": {
							"vector": [-5, 0, 0]
						}
					}
				}
			}
		},
		"animation.shadowHand_enter": {
			"animation_length": 1,
			"bones": {
				"base": {
					"position": {
						"0.25": {
							"vector": [0, 0, 0]
						},
						"0.5": {
							"vector": [0, -19, 0]
						},
						"0.75": {
							"vector": [0, -35, 0]
						},
						"1.0": {
							"vector": [0, -63, 0]
						}
					}
				},
				"arm": {
					"rotation": {
						"0.0": {
							"vector": [12.5, 0, 0]
						},
						"0.25": {
							"vector": [110, 0, 0]
						},
						"0.5": {
							"vector": [85, 0, 0]
						},
						"0.75": {
							"vector": [55, 0, 0]
						},
						"1.0": {
							"vector": [0, 0, 0]
						}
					}
				},
				"hand": {
					"rotation": {
						"0.0": {
							"vector": [-5, 0, 0]
						},
						"0.25": {
							"vector": [45, 0, 0]
						},
						"0.5": {
							"vector": [27.5, 0, 0]
						},
						"0.75": {
							"vector": [40, 0, 0]
						},
						"1.0": {
							"vector": [0, 0, 0]
						}
					}
				}
			}
		}
	},
	"geckolib_format_version": 2
}