{
	"format_version": "1.8.0",
	"animations": {
		"animation.foolEater_idle": {
			"loop": true,
			"animation_length": 3.3333,
			"bones": {
				"left_leg": {
					"rotation": {
						"0.0": {
							"vector": [-65, 0, 0]
						},
						"1.6667": {
							"vector": [-67.5, 0, 0]
						},
						"3.3333": {
							"vector": [-65, 0, 0]
						}
					}
				},
				"main": {
					"position": {
						"0.0": {
							"vector": [0, -36, 6]
						},
						"3.3333": {
							"vector": [0, -36, 6]
						}
					}
				},
				"leftLowerLeg": {
					"rotation": {
						"0.0": {
							"vector": [132.5, 0, 0]
						},
						"1.6667": {
							"vector": [135, 0, 0]
						},
						"3.3333": {
							"vector": [132.5, 0, 0]
						}
					}
				},
				"right_leg": {
					"rotation": {
						"0.0": {
							"vector": [-65, 0, 0]
						},
						"1.6667": {
							"vector": [-67.5, 0, 0]
						},
						"3.3333": {
							"vector": [-65, 0, 0]
						}
					}
				},
				"leftLower": {
					"rotation": {
						"0.0": {
							"vector": [132.5, 0, 0]
						},
						"1.6667": {
							"vector": [135, 0, 0]
						},
						"3.3333": {
							"vector": [132.5, 0, 0]
						}
					}
				},
				"body": {
					"rotation": {
						"0.0": {
							"vector": [5, 0, 0]
						},
						"1.6667": {
							"vector": [10, 0, 0]
						},
						"3.3333": {
							"vector": [5, 0, 0]
						}
					}
				},
				"left_arm": {
					"rotation": {
						"0.0": {
							"vector": [-76.97152, -78.10906, -7.27784]
						},
						"1.6667": {
							"vector": [-100.9974, -78.19972, 17.25514]
						},
						"3.3333": {
							"vector": [-76.97152, -78.10906, -7.27784]
						}
					}
				},
				"leftLowerArm": {
					"rotation": {
						"0.0": {
							"vector": [6.25398, -4.20164, -101.91853]
						},
						"3.3333": {
							"vector": [6.25398, -4.20164, -101.91853]
						}
					}
				},
				"right_arm": {
					"rotation": {
						"0.0": {
							"vector": [-180, 75, -90]
						},
						"1.6667": {
							"vector": [-180, 70, -90]
						},
						"3.3333": {
							"vector": [-180, 75, -90]
						}
					},
					"position": {
						"0.0": {
							"vector": [1, 0, 2]
						},
						"3.3333": {
							"vector": [1, 0, 2]
						}
					}
				},
				"rightLowerArm": {
					"rotation": {
						"0.0": {
							"vector": [-20.01754, 2.34914, 96.64447]
						},
						"3.3333": {
							"vector": [-20.01754, 2.34914, 96.64447]
						}
					}
				},
				"head": {
					"rotation": {
						"0.0": {
							"vector": [65, 0, 0]
						},
						"1.6667": {
							"vector": [60, 0, 0]
						},
						"3.3333": {
							"vector": [65, 0, 0]
						}
					}
				},
				"lowerJaw": {
					"rotation": {
						"0.0": {
							"vector": [0, 0, 0]
						},
						"1.6667": {
							"vector": [12.5, 0, 0]
						},
						"3.3333": {
							"vector": [0, 0, 0]
						}
					}
				},
				"upperJaw": {
					"rotation": {
						"0.0": {
							"vector": [0, 0, 0]
						},
						"1.6667": {
							"vector": [-2.5, 0, 0]
						},
						"3.3333": {
							"vector": [0, 0, 0]
						}
					}
				}
			}
		},
		"animation.foolEater_walk": {
			"loop": true,
			"animation_length": 0.6667,
			"bones": {
				"left_leg": {
					"rotation": {
						"0.0": {
							"vector": [20, 0, 0]
						},
						"0.1667": {
							"vector": [2.5, 0, 0]
						},
						"0.3333": {
							"vector": [-37.5, 0, 0]
						},
						"0.5": {
							"vector": [2.5, 0, 0]
						},
						"0.6667": {
							"vector": [20, 0, 0]
						}
					}
				},
				"main": {
					"position": {
						"0.0": {
							"vector": [0, -4, 0]
						},
						"0.1667": {
							"vector": [0, -1, 0]
						},
						"0.3333": {
							"vector": [0, -7, 0]
						},
						"0.5": {
							"vector": [0, -1, 0]
						},
						"0.6667": {
							"vector": [0, -4, 0]
						}
					}
				},
				"leftLowerLeg": {
					"rotation": {
						"0.0": {
							"vector": [47.5, 0, 0]
						},
						"0.1667": {
							"vector": [2.5, 0, 0]
						},
						"0.3333": {
							"vector": [42.5, 0, 0]
						},
						"0.5": {
							"vector": [2.5, 0, 0]
						},
						"0.6667": {
							"vector": [47.5, 0, 0]
						}
					}
				},
				"right_leg": {
					"rotation": {
						"0.0": {
							"vector": [-25, 0, 0]
						},
						"0.1667": {
							"vector": [-7.5, 0, 0]
						},
						"0.3333": {
							"vector": [20, 0, 0]
						},
						"0.5": {
							"vector": [-7.5, 0, 0]
						},
						"0.6667": {
							"vector": [-25, 0, 0]
						}
					}
				},
				"leftLower": {
					"rotation": {
						"0.0": {
							"vector": [25, 0, 0]
						},
						"0.1667": {
							"vector": [7.5, 0, 0]
						},
						"0.3333": {
							"vector": [47.5, 0, 0]
						},
						"0.5": {
							"vector": [7.5, 0, 0]
						},
						"0.6667": {
							"vector": [25, 0, 0]
						}
					}
				},
				"body": {
					"rotation": {
						"0.0": {
							"vector": [30, 0, 0]
						},
						"0.1667": {
							"vector": [20, 0, 0]
						},
						"0.3333": {
							"vector": [40, 0, 0]
						},
						"0.5": {
							"vector": [20, 0, 0]
						},
						"0.6667": {
							"vector": [30, 0, 0]
						}
					}
				},
				"left_arm": {
					"rotation": {
						"0.0": {
							"vector": [0, -50, -90]
						},
						"0.1667": {
							"vector": [0, -20, -90]
						},
						"0.3333": {
							"vector": [0, -30, -90]
						},
						"0.5": {
							"vector": [0, -20, -90]
						},
						"0.6667": {
							"vector": [0, -50, -90]
						}
					},
					"position": {
						"0.0": {
							"vector": [-2, 1, 1]
						},
						"0.3333": {
							"vector": [-2, 1, 1]
						},
						"0.6667": {
							"vector": [-2, 1, 1]
						}
					}
				},
				"leftLowerArm": {
					"rotation": {
						"0.0": {
							"vector": [0, -5, 0]
						},
						"0.1667": {
							"vector": [0, 0, 0]
						},
						"0.3333": {
							"vector": [0, 1.67, 0]
						},
						"0.5": {
							"vector": [0, 0, 0]
						},
						"0.6667": {
							"vector": [0, -5, 0]
						}
					}
				},
				"right_arm": {
					"rotation": {
						"0.0": {
							"vector": [0, 30, 90]
						},
						"0.1667": {
							"vector": [0, 20, 90]
						},
						"0.3333": {
							"vector": [0, 50, 90]
						},
						"0.5": {
							"vector": [0, 20, 90]
						},
						"0.6667": {
							"vector": [0, 30, 90]
						}
					},
					"position": {
						"0.0": {
							"vector": [0, 1, 1]
						},
						"0.3333": {
							"vector": [0, 1, 1]
						},
						"0.6667": {
							"vector": [0, 1, 1]
						}
					}
				},
				"rightLowerArm": {
					"rotation": {
						"0.0": {
							"vector": [0, -5, 0]
						},
						"0.1667": {
							"vector": [0, 0, 0]
						},
						"0.5": {
							"vector": [0, 0, 0]
						},
						"0.6667": {
							"vector": [0, -5, 0]
						}
					}
				},
				"head": {
					"rotation": {
						"0.0": {
							"vector": [-15, 0, 0]
						},
						"0.1667": {
							"vector": [25, 0, 0]
						},
						"0.3333": {
							"vector": [-25, 0, 0]
						},
						"0.5": {
							"vector": [25, 0, 0]
						},
						"0.6667": {
							"vector": [-15, 0, 0]
						}
					}
				},
				"lowerJaw": {
					"rotation": {
						"0.0": {
							"vector": [12.5, 0, 0]
						},
						"0.1667": {
							"vector": [15, 0, 0]
						},
						"0.3333": {
							"vector": [12.5, 0, 0]
						},
						"0.5": {
							"vector": [15, 0, 0]
						},
						"0.6667": {
							"vector": [12.5, 0, 0]
						}
					}
				},
				"upperJaw": {
					"rotation": {
						"0.0": {
							"vector": [0, 0, 0]
						},
						"0.1667": {
							"vector": [-15, 0, 0]
						},
						"0.3333": {
							"vector": [0, 0, 0]
						},
						"0.5": {
							"vector": [-15, 0, 0]
						},
						"0.6667": {
							"vector": [0, 0, 0]
						}
					}
				}
			}
		},
		"animation.foolEater_attack": {
			"animation_length": 0.4299,
			"bones": {
				"left_leg": {
					"rotation": {
						"0.0": {
							"vector": [-12.5, 0, 0]
						},
						"0.3968": {
							"vector": [-12.5, 0, 0]
						}
					}
				},