{
	"format_version": "1.8.0",
	"animations": {
		"animation.hallucination_idle": {
			"loop": true,
			"animation_length": 1.5,
			"bones": {
				"Head": {
					"rotation": {
						"0.25": {
							"vector": [0, 0, 0]
						},
						"0.2917": {
							"vector": [-98.93927, 30.03939, -39.41563]
						},
						"0.3333": {
							"vector": [0, 0, 0]
						},
						"0.5": {
							"vector": [0, 0, 0]
						},
						"0.5417": {
							"vector": [-80.07089, -52.04149, 55.43885]
						},
						"0.5833": {
							"vector": [0, 0, 0]
						},
						"0.75": {
							"vector": [0, 0, 0]
						},
						"0.7917": {
							"vector": [-7.49323, -30.65167, 45.6293]
						},
						"0.8333": {
							"vector": [0, 0, 0]
						},
						"1.0": {
							"vector": [0, 0, 0]
						},
						"1.0417": {
							"vector": [39.12422, -38.82492, -145.72777]
						},
						"1.0833": {
							"vector": [0, 0, 0]
						},
						"1.25": {
							"vector": [0, 0, 0]
						},
						"1.2917": {
							"vector": [-65.53277, -7.16875, -58.07731]
						},
						"1.3333": {
							"vector": [0, 0, 0]
						}
					},
					"position": {
						"0.0": {
							"vector": [0, 0, 0]
						},
						"0.4583": {
							"vector": [0, 0, 0]
						},
						"0.9583": {
							"vector": [0, 0, 0]
						},
						"1.0": {
							"vector": [0, 0, 0]
						},
						"1.0417": {
							"vector": [4, 5, 1]
						},
						"1.0833": {
							"vector": [0, 0, 0]
						}
					}
				},
				"Body": {
					"rotation": {
						"0.5": {
							"vector": [0, 0, 0]
						},
						"0.5417": {
							"vector": [-25, 0, 0]
						},
						"0.5833": {
							"vector": [0, 0, 0]
						},
						"1.0": {
							"vector": [0, 0, 0]
						},
						"1.0417": {
							"vector": [50, 0, 0]
						},
						"1.0833": {
							"vector": [0, 0, 0]
						}
					}
				},
				"RightArm": {
					"rotation": {
						"0.5": {
							"vector": [0, 0, 0]
						},
						"0.5417": {
							"vector": [-30.00135, 13.12479, 21.46872]
						},
						"0.5833": {
							"vector": [0, 0, 0]
						},
						"1.0": {
							"vector": [0, 0, 0]
						},
						"1.0417": {
							"vector": [-133.96287, 18.59328, 16.13016]
						},
						"1.0833": {
							"vector": [0, 0, 0]
						}
					}
				},
				"LeftArm": {
					"rotation": {
						"0.5": {
							"vector": [0, 0, 0]
						},
						"0.5417": {
							"vector": [29.62165, 4.98093, -8.6822]
						},
						"0.5833": {
							"vector": [0, 0, 0]
						},
						"1.0": {
							"vector": [0, 0, 0]
						},
						"1.0417": {
							"vector": [-57.47819, -9.84054, -18.02137]
						},
						"1.0833": {
							"vector": [0, 0, 0]
						}
					}
				}
			}
		},
		"animation.hallucination_walk": {
			"loop": true,
			"animation_length": 1.6667,
			"bones": {
				"Head": {
					"rotation": {
						"0.2083": {
							"vector": [0, 0, 0]
						},
						"0.2431": {
							"vector": [-98.93927, 30.03939, -39.41563]
						},
						"0.2778": {
							"vector": [0, 0, 0]
						},
						"0.4167": {
							"vector": [0, 0, 0]
						},
						"0.4514": {
							"vector": [-80.07089, -52.04149, 55.43885]
						},
						"0.4861": {
							"vector": [0, 0, 0]
						},
						"0.625": {
							"vector": [0, 0, 0]
						},
						"0.6597": {
							"vector": [-7.49323, -30.65167, 45.6293]
						},
						"0.6944": {
							"vector": [0, 0, 0]
						},
						"0.8333": {
							"vector": [0, 0, 0]
						},
						"0.8681": {
							"vector": [39.12422, -38.82492, -145.72777]
						},
						"0.9028": {
							"vector": [0, 0, 0]
						},
						"1.0417": {
							"vector": [0, 0, 0]
						},
						"1.0764": {
							"vector": [-65.53277, -7.16875, -58.07731]
						},
						"1.1111": {
							"vector": [0, 0, 0]
						},
						"1.25": {
							"vector": [0, 0, 0]
						},
						"1.6667": {
							"vector": [0, 0, 0]
						}
					},
					"position": {
						"0.0": {
							"vector": [0, 0, 0]
						},
						"0.3819": {
							"vector": [0, 0, 0]
						},
						"0.7986": {
							"vector": [0, 0, 0]
						},
						"0.8333": {
							"vector": [0, 0, 0]
						},
						"0.8681": {
							"vector": [4, 5, 1]
						},
						"0.9028": {
							"vector": [0, 0, 0]
						},
						"1.25": {
							"vector": [0, 0, 0]
						},
						"1.6667": {
							"vector": [0, 0, 0]
						}
					}
				},
				"Body": {
					"rotation": {
						"0.0": {
							"vector": [0, 0, 0]
						},
						"0.4167": {
							"vector": [5, 0, 0]
						},
						"0.4514": {
							"vector": [-25, 0, 0]
						},
						"0.4861": {
							"vector": [0, 0, 0]
						},
						"0.8333": {
							"vector": [-5, 0, 0]
						},
						"0.8681": {
							"vector": [50, 0, 0]
						},
						"0.9028": {
							"vector": [0, 0, 0]
						},
						"1.25": {
							"vector": [0, 0, 0]
						},
						"1.6667": {
							"vector": [0, 0, 0]
						}
					}
				},
				"RightArm": {
					"rotation": {
						"0.0": {
							"vector": [-35, 0, 0]
						},
						"0.4167": {
							"vector": [35, 0, 0]
						},
						"0.4514": {
							"vector": [-30.00135, 13.12479, 21.46872]
						},
						"0.4861": {
							"vector": [0, 0, 0]
						},
						"0.8333": {
							"vector": [-35, 0, 0]
						},
						"0.8681": {
							"vector": [-133.96287, 18.59328, 16.13016]
						},
						"0.9028": {
							"vector": [0, 0, 0]
						},
						"1.25": {
							"vector": [35, 0, 0]
						},
						"1.6667": {
							"vector": [-35, 0, 0]
						}
					}
				},
				"LeftArm": {
					"rotation": {
						"0.0": {
							"vector": [35, 0, 0]
						},
						"0.4167": {
							"vector": [-35, 0, 0]
						},
						"0.4514": {
							"vector": [29.62165, 4.98093, -8.6822]
						},
						"0.4861": {
							"vector": [0, 0, 0]
						},
						"0.8333": {
							"vector": [35, 0, 0]
						},
						"0.8681": {
							"vector": [-57.47819, -9.84054, -18.02137]
						},
						"0.9028": {
							"vector": [0, 0, 0]
						},
						"1.25": {
							"vector": [-35, 0, 0]
						},
						"1.6667": {
							"vector": [35, 0, 0]
						}
					}
				},
				"RightLeg": {
					"rotation": {
						"0.0": {
							"vector": [35, 0, 0]
						},
						"0.4167": {
							"vector": [-35, 0, 0]
						},
						"0.8333": {
							"vector": [35, 0, 0]
						},
						"1.25": {
							"vector": [-35, 0, 0]
						},
						"1.6667": {
							"vector": [35, 0, 0]
						}
					}
				},
				"LeftLeg": {
					"rotation": {
						"0.0": {
							"vector": [-35, 0, 0]
						},
						"0.4167": {
							"vector": [35, 0, 0]
						},
						"0.8333": {
							"vector": [-35, 0, 0]
						},
						"1.25": {
							"vector": [35, 0, 0]
						},
						"1.6667": {
							"vector": [-35, 0, 0]
						}
					}
				}
			}
		},
		"animation.hallucination_run": {
			"loop": true,
			"animation_length": 1.1111,
			"bones": {
				"Head": {
					"rotation": {
						"0.1389": {
							"vector": [0, 0, 0]
						},
						"0.162": {
							"vector": [-98.93927, 30.03939, -39.41563]
						},
						"0.1852": {
							"vector": [0, 0, 0]
						},
						"0.2778": {
							"vector": [0, 0, 0]
						},
						"0.3009": {
							"vector": [-80.07089, -52.04149, 55.43885]
						},
						"0.3241": {
							"vector": [0, 0, 0]
						},
						"0.4167": {
							"vector": [0, 0, 0]
						},
						"0.4398": {
							"vector": [-7.49323, -30.65167, 45.6293]
						},
						"0.463": {
							"vector": [0, 0, 0]
						},
						"0.5556": {
							"vector": [0, 0, 0]
						},
						"0.5787": {
							"vector": [39.12422, -38.82492, -145.72777]
						},
						"0.6019": {
							"vector": [0, 0, 0]
						},
						"0.6944": {
							"vector": [0, 0, 0]
						},
						"0.7176": {
							"vector": [-65.53277, -7.16875, -58.07731]
						},
						"0.7407": {
							"vector": [0, 0, 0]
						},
						"0.8333": {
							"vector": [0, 0, 0]
						},
						"1.1111": {
							"vector": [0, 0, 0]
						}
					},
					"position": {
						"0.0": {
							"vector": [0, 0, 0]
						},
						"0.2546": {
							"vector": [0, 0, 0]
						},
						"0.5324": {
							"vector": [0, 0, 0]
						},