{
	"format_version": "1.8.0",
	"animations": {
		"animation.spitter_walk": {
			"loop": true,
			"animation_length": 0.7708,
			"bones": {
				"body": {
					"rotation": {
						"0.0": {
							"vector": [0, 0, 0]
						},
						"0.25": {
							"vector": [5, 0, 0]
						},
						"0.5": {
							"vector": [0, 0, 0]
						},
						"0.75": {
							"vector": [0, 0, 0]
						}
					}
				},
				"head": {
					"rotation": {
						"0.0": {
							"vector": [0, 0, 0]
						},
						"0.25": {
							"vector": [-15, 0, 10]
						},
						"0.375": {
							"vector": [0, 0, -15]
						},
						"0.5": {
							"vector": [0, 0, 0]
						},
						"0.75": {
							"vector": [0, 0, 0]
						}
					},
					"position": {
						"0.0": {
							"vector": [0, 0, 0]
						},
						"0.25": {
							"vector": [0, -1, 0]
						},
						"0.5": {
							"vector": [0, 0, 0]
						},
						"0.75": {
							"vector": [0, 0, 0]
						}
					}
				},
				"left_leg0": {
					"rotation": {
						"0.0": {
							"vector": [0, 0, 0]
						},
						"0.125": {
							"vector": [-20.60577, -1.98325, 24.13826]
						},
						"0.25": {
							"vector": [-23.11519, 4.98267, 31.74276]
						},
						"0.375": {
							"vector": [-43.77865, 3.95193, 34.11506]
						},
						"0.5": {
							"vector": [-32.53139, -26.84047, 13.88422]
						},
						"0.75": {
							"vector": [0, 0, 0]
						}
					}
				},
				"left_leg2": {
					"rotation": {
						"0.0": {
							"vector": [16.78542, 9.4124, 4.65272]
						},
						"0.375": {
							"vector": [31.73779, 12.44291, 9.32512]
						},
						"0.625": {
							"vector": [37.96849, -12.94061, 26.60266]
						},
						"0.75": {
							"vector": [16.78542, 9.4124, 4.65272]
						}
					},
					"position": {
						"0.0": {
							"vector": [0, 0, 0]
						},
						"0.25": {
							"vector": [0, 2, 0]
						},
						"0.75": {
							"vector": [0, 0, 0]
						}
					}
				},
				"right_leg0": {
					"rotation": {
						"0.0": {
							"vector": [-36.63963, 17.3616, -22.2982]
						},
						"0.375": {
							"vector": [-19.36261, 10.14815, -13.88264]
						},
						"0.625": {
							"vector": [-25.68717, -4.02153, -29.37585]
						},
						"0.75": {
							"vector": [-36.63963, 17.3616, -22.2982]
						}
					}
				},
				"right_leg2": {
					"rotation": {
						"0.0": {
							"vector": [45.21677, -20.43054, -15.58053]
						},
						"0.125": {
							"vector": [50.54262, 7.87928, -26.93407]
						},
						"0.25": {
							"vector": [50.90131, 15.04978, -29.16316]
						},
						"0.375": {
							"vector": [49.87479, 0.72865, -24.57376]
						},
						"0.5": {
							"vector": [19.7883, -13.30689, -6.70649]
						},
						"0.75": {
							"vector": [45.21677, -20.43054, -15.58053]
						}
					},
					"position": {
						"0.0": {
							"vector": [0, 0, 0]
						},
						"0.25": {
							"vector": [0, 2, 0]
						},
						"0.75": {
							"vector": [0, 0, 0]
						}
					}
				},
				"left_leg1": {
					"rotation": {
						"0.0": {
							"vector": [25.32552, 7.47977, 27.29197]
						},
						"0.125": {
							"vector": [1.42437, -4.64476, 35.6401]
						},
						"0.25": {
							"vector": [-6.13282, -10.2757, -1.09957]
						},
						"0.375": {
							"vector": [1.34626, 2.22082, -0.80346]
						},
						"0.75": {
							"vector": [25.32552, 7.47977, 27.29197]
						}
					},
					"position": {
						"0.0": {
							"vector": [0, 0, 0]
						},
						"0.25": {
							"vector": [0, 1, 0]
						},
						"0.75": {
							"vector": [0, 0, 0]
						}
					}
				},
				"right_leg1": {
					"rotation": {
						"0.0": {
							"vector": [-1.20206, 4.27061, -3.35529]
						},
						"0.125": {
							"vector": [4.7157, -4.68869, -3.81329]
						},
						"0.25": {
							"vector": [15.60837, -16.23074, -8.70263]
						},
						"0.375": {
							"vector": [19.66296, -10.8878, -25.85572]
						},
						"0.5": {
							"vector": [21.17454, -7.39092, -35.3467]
						},
						"0.625": {
							"vector": [6.12853, -2.41967, -34.80911]
						},
						"0.75": {
							"vector": [-1.20206, 4.27061, -3.35529]
						}
					},
					"position": {
						"0.0": {
							"vector": [0, 0, 0]
						},
						"0.25": {
							"vector": [0, 1, 0]
						},
						"0.75": {
							"vector": [0, 0, 0]
						}
					}
				},
				"ass": {
					"rotation": {
						"0.0": {
							"vector": [-5, 0, 0]
						},
						"0.25": {
							"vector": [15, 0, 0]
						},
						"0.5": {
							"vector": [5, 0, 0]
						},
						"0.75": {
							"vector": [-5, 0, 0]
						}
					}
				},
				"rightWing": {
					"rotation": {
						"0.0": {
							"vector": [0, 0, 0]
						},
						"0.0625": {
							"vector": [2.47142, 5.0047, -0.21865]
						},
						"0.125": {
							"vector": [7.64591, 14.95645, 0.67467]
						},
						"0.1875": {
							"vector": [0, 0, 0]
						},
						"0.25": {
							"vector": [7.64591, 14.95645, 0.67467]
						},
						"0.3125": {
							"vector": [0, 0, 0]
						},
						"0.375": {
							"vector": [7.64591, 14.95645, 0.67467]
						},
						"0.4375": {
							"vector": [0, 0, 0]
						},
						"0.75": {
							"vector": [0, 0, 0]
						}
					}
				},
				"leftWing": {
					"rotation": {
						"0.0": {
							"vector": [0, 0, 0]
						},
						"0.0625": {
							"vector": [2.47142, -5.0047, 0.21865]
						},
						"0.125": {
							"vector": [7.64591, -14.95645, -0.67467]
						},
						"0.1875": {
							"vector": [0, 0, 0]
						},
						"0.25": {
							"vector": [7.64591, -14.95645, -0.67467]
						},
						"0.3125": {
							"vector": [0, 0, 0]
						},
						"0.375": {
							"vector": [7.64591, -14.95645, -0.67467]
						},
						"0.4375": {
							"vector": [0, 0, 0]
						},
						"0.75": {
							"vector": [0, 0, 0]
						}
					}
				}
			}
		},
		"animation.spitter_attack": {
			"animation_length": 0.75,
			"bones": {
				"body": {
					"rotation": {
						"0.0": {
							"vector": [20, 0, 0]
						},
						"0.2083": {
							"vector": [22.5, 0, 0]
						},
						"0.375": {
							"vector": [-20, 0, 0]
						},
						"0.5": {
							"vector": [-10, 0, 0]
						},
						"0.5833": {
							"vector": [22.5, 0, 0]
						},
						"0.7083": {
							"vector": [20, 0, 0]
						}
					}
				},
				"head": {
					"rotation": {
						"0.0": {
							"vector": [-5, 0, 0]
						},
						"0.2083": {
							"vector": [-10, 0, 0]
						},
						"0.375": {
							"vector": [-35, 0, 0]
						},
						"0.5": {
							"vector": [0, 0, 0]
						},
						"0.5833": {
							"vector": [-10, 0, 0]
						},
						"0.7083": {
							"vector": [-5, 0, 0]
						}
					}
				},
				"left_leg0": {
					"rotation": {
						"0.0": {
							"vector": [0, 0, -5]
						},
						"0.2083": {
							"vector": [0, 0, -50]
						},
						"0.375": {
							"vector": [0, 0, -30]
						},
						"0.5": {
							"vector": [0, 0, -30]
						},
						"0.5833": {
							"vector": [0, 0, -50]
						},
						"0.7083": {
							"vector": [0, 0, -5]
						}
					},
					"position": {
						"0.0": {
							"vector": [0, 1, 0]
						},
						"0.375": {
							"vector": [0, -1, 0]
						},
						"0.5": {
							"vector": [0, -1, 0]
						},
						"0.7083": {
							"vector": [0, 1, 0]
						}
					}
				},
				"left_leg2": {
					"rotation": {
						"0.0": {
							"vector": [0, 0, -15]
						},
						"0.0833": {
							"vector": [121.37688, 1.99613, -5.9274]
						},
						"0.2083": {
							"vector": [166.37688, 1.99613, -5.9274]
						},
						"0.375": {
							"vector": [116.37688, 1.99613, -5.9274]
						},
						"0.5": {
							"vector": [116.37688, 1.99613, -5.9274]
						},
						"0.5833": {
							"vector": [0, 0, -60]
						},
						"0.7083": {
							"vector": [0, 0, -15]
						}
					},
					"position": {
						"0.0": {
							"vector": [0, 3, 0]
						},
						"0.2083": {
							"vector": [0, 2.11, 0]
						},
						"0.375": {
							"vector": [0, -4, 0]
						},
						"0.5": {
							"vector": [0, -2, 0]
						},
						"0.7083": {
							"vector": [0, 3, 0]
						}
					}
				},