{
	"format_version": "1.8.0",
	"animations": {
		"animation.rooted_idle": {
			"loop": true,
			"animation_length": 5,
			"bones": {
				"body": {
					"rotation": {
						"0.0": {
							"vector": [10.04855, 0.16034, 14.99726]
						},
						"1.6667": {
							"vector": [-10.03812, 0.16313, -15.00286]
						},
						"3.3333": {
							"vector": [-9.04594, 4.3727, 9.6654]
						},
						"5.0": {
							"vector": [10.04855, 0.16034, 14.99726]
						}
					}
				},
				"head": {
					"rotation": {
						"0.0": {
							"vector": [-10, 0, -35]
						},
						"1.6667": {
							"vector": [10, 0, 5]
						},
						"3.3333": {
							"vector": [9.07947, 4.20854, -19.66569]
						},
						"5.0": {
							"vector": [-10, 0, -35]
						}
					}
				},
				"left_arm": {
					"rotation": {
						"0.0": {
							"vector": [30, 0, -5]
						},
						"1.6667": {
							"vector": [3.48124, -9.84655, 12.49524]
						},
						"3.3333": {
							"vector": [3.48124, -9.84655, 12.49524]
						},
						"5.0": {
							"vector": [30, 0, -5]
						}
					}
				},
				"right_arm": {
					"rotation": {
						"0.0": {
							"vector": [5, 0, -5]
						},
						"1.6667": {
							"vector": [28.48124, -9.84655, 12.49524]
						},
						"3.3333": {
							"vector": [28.48124, -9.84655, 12.49524]
						},
						"5.0": {
							"vector": [5, 0, -5]
						}
					}
				},
				"trueHead": {
					"rotation": {
						"0.0": {
							"vector": [0, 0, 20]
						},
						"1.6667": {
							"vector": [0, 0, 10]
						},
						"3.3333": {
							"vector": [0, 0, 10]
						},
						"5.0": {
							"vector": [0, 0, 20]
						}
					}
				}
			}
		},
		"animation.rooted_walk": {
			"loop": true,
			"animation_length": 1.5,
			"bones": {
				"body": {
					"rotation": {
						"0.0": {
							"vector": [25, 0, 0]
						},
						"0.5": {
							"vector": [4.91643, 2.11089, -4.53359]
						},
						"1.0": {
							"vector": [5.42833, 3.82197, 5.33255]
						},
						"1.5": {
							"vector": [25, 0, 0]
						}
					}
				},
				"head": {
					"rotation": {
						"0.0": {
							"vector": [-25, 0, 0]
						},
						"0.5": {
							"vector": [10.08357, 2.11089, 4.53359]
						},
						"1.0": {
							"vector": [9.57167, 3.82197, -5.33255]
						},
						"1.5": {
							"vector": [-25, 0, 0]
						}
					}
				},
				"left_arm": {
					"rotation": {
						"0.0": {
							"vector": [-45, 0, 0]
						},
						"0.5": {
							"vector": [-29.89078, 3.53329, 3.54002]
						},
						"1.0": {
							"vector": [-30.04706, -1.47155, -5.1216]
						},
						"1.5": {
							"vector": [-45, 0, 0]
						}
					}
				},
				"right_arm": {
					"rotation": {
						"0.0": {
							"vector": [-45, 0, 0]
						},
						"0.5": {
							"vector": [-29.89078, 3.53329, 3.54002]
						},
						"1.0": {
							"vector": [-30.04706, -1.47155, -5.1216]
						},
						"1.5": {
							"vector": [-45, 0, 0]
						}
					}
				}
			}
		},
		"animation.rooted_attack": {
			"animation_length": 0.3125,
			"bones": {
				"body": {
					"rotation": {
						"0.0": {
							"vector": [0, 0, 0]
						},
						"0.1563": {
							"vector": [15, 0, 0]
						}
					}
				},
				"head": {
					"rotation": {
						"0.0": {
							"vector": [0, 0, 0]
						},
						"0.1563": {
							"vector": [-15, 0, 0]
						}
					}
				},
				"left_arm": {
					"rotation": {
						"0.0": {
							"vector": [0, 0, -100]
						},
						"0.1563": {
							"vector": [-42.39409, 29.4987, -71.65923]
						},
						"0.3125": {
							"vector": [0, 0, -100]
						}
					}
				},
				"right_arm": {
					"rotation": {
						"0.0": {
							"vector": [0, 0, 100]
						},
						"0.1563": {
							"vector": [-42.39409, -29.4987, 71.65923]
						},
						"0.3125": {
							"vector": [0, 0, 100]
						}
					}
				}
			}
		}
	},
	"geckolib_format_version": 2
}