{
	"format_version": "1.8.0",
	"animations": {
		"animation.shadow_walk": {
			"loop": true,
			"animation_length": 3.75,
			"bones": {
				"body": {
					"rotation": {
						"0.0": {
							"vector": [0, 0, 0]
						},
						"1.25": {
							"vector": [5, 0, 0]
						},
						"2.5": {
							"vector": [0, 0, 0]
						}
					}
				},
				"arm": {
					"rotation": {
						"0.0": {
							"vector": [40.24222, 4.81281, 5.7589]
						},
						"1.25": {
							"vector": [50.24222, 4.81281, 5.7589]
						},
						"2.5": {
							"vector": [87.74222, 4.81281, 5.7589]
						},
						"3.75": {
							"vector": [40.24222, 4.81281, 5.7589]
						}
					},
					"position": {
						"0.0": {
							"vector": [0, 0, 0]
						},
						"1.25": {
							"vector": [0, 2.5, 0]
						},
						"2.5": {
							"vector": [0, 5, 0]
						},
						"3.75": {
							"vector": [0, 0, 0]
						}
					}
				},
				"lowerArm": {
					"rotation": {
						"0.0": {
							"vector": [-112.08682, -8.17773, -5.77509]
						},
						"1.25": {
							"vector": [-54.58682, -8.17773, -5.77509]
						},
						"2.5": {
							"vector": [-89.58682, -8.17773, -5.77509]
						},
						"3.75": {
							"vector": [-112.08682, -8.17773, -5.77509]
						}
					}
				},
				"hand": {
					"rotation": {
						"0.0": {
							"vector": [22.5, 0, 0]
						},
						"2.5": {
							"vector": [65, 0, 0]
						},
						"3.75": {
							"vector": [22.5, 0, 0]
						}
					}
				},
				"head": {
					"rotation": {
						"0.0": {
							"vector": [0, 0, 0]
						},
						"1.25": {
							"vector": [22.5, 0, 0]
						},
						"3.75": {
							"vector": [0, 0, 0]
						}
					}
				}
			}
		},
		"animation.shadow_idle": {
			"loop": true,
			"animation_length": 5,
			"bones": {
				"body": {
					"rotation": {
						"0.0": {
							"vector": [0, 0, 0]
						},
						"1.6667": {
							"vector": [5, 0, 0]
						},
						"5.0": {
							"vector": [0, 0, 0]
						}
					}
				},
				"arm": {
					"rotation": {
						"0.0": {
							"vector": [62.88229, 13.34855, 24.26701]
						},
						"1.6667": {
							"vector": [57.88229, 13.34855, 24.26701]
						},
						"3.3333": {
							"vector": [77.88229, 13.34855, 24.26701]
						},
						"5.0": {
							"vector": [62.88229, 13.34855, 24.26701]
						}
					}
				},
				"lowerArm": {
					"rotation": {
						"0.0": {
							"vector": [-142.49389, -25.01708, 12.46401]
						},
						"5.0": {
							"vector": [-142.49389, -25.01708, 12.46401]
						}
					}
				},
				"hand": {
					"rotation": {
						"0.0": {
							"vector": [22.5, 0, 0]
						},
						"1.6667": {
							"vector": [10, 0, 0]
						},
						"5.0": {
							"vector": [22.5, 0, 0]
						}
					}
				},
				"head": {
					"rotation": {
						"0.0": {
							"vector": [0, 0, 0]
						},
						"1.6667": {
							"vector": [-5, 0, 0]
						},
						"5.0": {
							"vector": [0, 0, 0]
						}
					}
				}
			}
		},
		"animation.shadow_attack": {
			"animation_length": 0.3333,
			"bones": {
				"body": {
					"rotation": {
						"0.0": {
							"vector": [0, 0, 0]
						},
						"0.1667": {
							"vector": [5, 0, 0]
						},
						"0.3333": {
							"vector": [0, 0, 0]
						}
					}
				},
				"arm": {
					"rotation": {
						"0.0": {
							"vector": [52.5, 0, 0]
						},
						"0.1667": {
							"vector": [32.5, 0, 0]
						},
						"0.3333": {
							"vector": [72.5, 0, 0]
						}
					},
					"position": {
						"0.0": {
							"vector": [0, 0, 0]
						},
						"0.3333": {
							"vector": [0, 3, 0]
						}
					}
				},
				"lowerArm": {
					"rotation": {
						"0.0": {
							"vector": [-117.5, 0, 0]
						},
						"0.1667": {
							"vector": [-35, 0, 0]
						},
						"0.3333": {
							"vector": [-75, 0, 0]
						}
					}
				},
				"hand": {
					"rotation": {
						"0.0": {
							"vector": [-2.5, 0, 0]
						},
						"0.1667": {
							"vector": [47.5, 0, 0]
						},
						"0.3333": {
							"vector": [5, 0, 0]
						}
					}
				},
				"head": {
					"rotation": {
						"0.0": {
							"vector": [0, 0, 0]
						},
						"0.1667": {
							"vector": [20, 0, 0]
						}
					}
				}
			}
		}
	},
	"geckolib_format_version": 2
}