{
	"format_version": "1.8.0",
	"animations": {
		"animation.rottenCorpse_idle": {
			"loop": true,
			"animation_length": 4,
			"bones": {
				"waist": {
					"rotation": {
						"0.0": {
							"vector": [14.91615, -1.29876, 7.38733]
						},
						"1.0": {
							"vector": [9.91615, -1.29876, 7.38733]
						},
						"2.0": {
							"vector": [9.91615, 1.29876, -7.38733]
						},
						"3.0": {
							"vector": [-20.03729, -0.86717, 4.92442]
						},
						"4.0": {
							"vector": [14.91615, -1.29876, 7.38733]
						}
					}
				},
				"Head": {
					"rotation": {
						"0.0": {
							"vector": [-15, 0, 0]
						},
						"1.0": {
							"vector": [-39.33501, -4.46375, -16.93839]
						},
						"2.0": {
							"vector": [18.5958, 5.68422, 21.80633]
						},
						"3.0": {
							"vector": [70.66499, -4.46375, -16.93839]
						},
						"4.0": {
							"vector": [-15, 0, 0]
						}
					}
				},
				"RightArm": {
					"rotation": {
						"0.0": {
							"vector": [-10, 0, 0]
						},
						"2.0": {
							"vector": [-9.91615, 1.29876, 7.38733]
						},
						"3.0": {
							"vector": [22.54192, 0.64938, 3.69366]
						},
						"4.0": {
							"vector": [-10, 0, 0]
						}
					},
					"position": {
						"0.0": {
							"vector": [0, 0, 0]
						},
						"1.0": {
							"vector": [0, -2, 0]
						},
						"2.0": {
							"vector": [0, -1, 0]
						},
						"3.0": {
							"vector": [0, -2, 0]
						},
						"4.0": {
							"vector": [0, 0, 0]
						}
					}
				},
				"LeftArm": {
					"rotation": {
						"0.0": {
							"vector": [-10, 0, 0]
						},
						"1.0": {
							"vector": [-9.91615, -1.29876, -7.38733]
						},
						"2.0": {
							"vector": [-10, 0, 0]
						},
						"3.0": {
							"vector": [20.03729, -0.86717, -4.92442]
						},
						"4.0": {
							"vector": [-10, 0, 0]
						}
					},
					"position": {
						"0.0": {
							"vector": [0, 0, 0]
						},
						"1.0": {
							"vector": [0, -1, 0]
						},
						"2.0": {
							"vector": [0, -1, 0]
						},
						"3.0": {
							"vector": [0, -1, 0]
						},
						"4.0": {
							"vector": [0, 0, 0]
						}
					}
				}
			}
		},
		"animation.rottenCorpse_attack": {
			"animation_length": 0.2143,
			"bones": {
				"waist": {
					"rotation": {
						"0.0": {
							"vector": [-20.04194, 0.63701, 0.14098]
						},
						"0.1429": {
							"vector": [34.95806, 0.63701, 0.14098]
						}
					}
				},
				"Head": {
					"rotation": {
						"0.0": {
							"vector": [-47.4527, 8.83975, 12.13414]
						},
						"0.2143": {
							"vector": [-41.5123, -10.07026, -11.17505]
						}
					}
				},
				"RightArm": {
					"rotation": {
						"0.0": {
							"vector": [-84.6809, 19.92066, 1.81693]
						},
						"0.2143": {
							"vector": [-110.36428, -29.59955, -0.41115]
						}
					},
					"position": {
						"vector": [0, 0, 0]
					}
				},
				"LeftArm": {
					"rotation": {
						"0.0": {
							"vector": [-84.6809, -19.92066, -1.81693]
						},
						"0.2143": {
							"vector": [-110.36428, 29.59955, 0.41115]
						}
					},
					"position": {
						"vector": [0, 0, 0]
					}
				}
			}
		},
		"animation.rottenCorpse_walk": {
			"loop": true,
			"animation_length": 0.8333,
			"bones": {
				"waist": {
					"rotation": {
						"0.0": {
							"vector": [20, 0, 0]
						},
						"0.2083": {
							"vector": [-15, 0, 0]
						},
						"0.4167": {
							"vector": [20, 0, 0]
						},
						"0.625": {
							"vector": [22.31905, -5.80364, -4.50794]
						},
						"0.8333": {
							"vector": [20, 0, 0]
						}
					}
				},
				"Head": {
					"rotation": {
						"0.0": {
							"vector": [-44.31282, -8.80348, -8.90928]
						},
						"0.2083": {
							"vector": [28.83844, -8.64738, 15.27269]
						},
						"0.4167": {
							"vector": [11.8985, 31.53427, -30.153]
						},
						"0.625": {
							"vector": [-33.63698, 0.19589, -16.32189]
						},
						"0.8333": {
							"vector": [-44.31282, -8.80348, -8.90928]
						}
					}
				},
				"RightArm": {
					"rotation": {
						"0.0": {
							"vector": [-105, 0, 0]
						},
						"0.2083": {
							"vector": [-67.5, 0, 0]
						},
						"0.4167": {
							"vector": [-105, 0, 0]
						},
						"0.625": {
							"vector": [-110, 0, 0]
						},
						"0.8333": {
							"vector": [-105, 0, 0]
						}
					},
					"position": {
						"0.0": {
							"vector": [0, -1, -1]
						},
						"0.2083": {
							"vector": [0, 1, -1]
						},
						"0.4167": {
							"vector": [0, -1, -1]
						},
						"0.625": {
							"vector": [0, 1, -1]
						},
						"0.8333": {
							"vector": [0, -1, -1]
						}
					}
				},
				"LeftArm": {
					"rotation": {
						"0.0": {
							"vector": [-105, 0, 0]
						},
						"0.2083": {
							"vector": [-67.5, 0, 0]
						},
						"0.4167": {
							"vector": [-105, 0, 0]
						},
						"0.625": {
							"vector": [-110, 0, 0]
						},
						"0.8333": {
							"vector": [-105, 0, 0]
						}
					},
					"position": {
						"0.0": {
							"vector": [0, -1, -1]
						},
						"0.2083": {
							"vector": [0, 1, -1]
						},
						"0.4167": {
							"vector": [0, -1, -1]
						},
						"0.625": {
							"vector": [0, 1, -1]
						},
						"0.8333": {
							"vector": [0, -1, -1]
						}
					}
				},
				"RightLeg": {
					"rotation": {
						"0.0": {
							"vector": [-45, 0, 0]
						},
						"0.2083": {
							"vector": [0, 0, 0]
						},
						"0.4167": {
							"vector": [35, 0, 0]
						},
						"0.625": {
							"vector": [0, 0, 0]
						},
						"0.8333": {
							"vector": [-45, 0, 0]
						}
					}
				},
				"LeftLeg": {
					"rotation": {
						"0.0": {
							"vector": [35, 0, 0]
						},
						"0.2083": {
							"vector": [0, 0, 0]
						},
						"0.4167": {
							"vector": [-45, 0, 0]
						},
						"0.625": {
							"vector": [0, 0, 0]
						},
						"0.8333": {
							"vector": [35, 0, 0]
						}
					}
				},
				"main": {
					"position": {
						"0.0": {
							"vector": [0, -2, 0]
						},
						"0.2083": {
							"vector": [0, 0, 0]
						},
						"0.4167": {
							"vector": [0, -2, 0]
						},
						"0.625": {
							"vector": [0, 0, 0]
						},
						"0.8333": {
							"vector": [0, -2, 0]
						}
					}
				}
			}
		}
	},
	"geckolib_format_version": 2
}