{
	"format_version": "1.8.0",
	"animations": {
		"animation.scarecrow_idle": {
			"loop": true,
			"animation_length": 10,
			"bones": {
				"left_arm": {
					"rotation": {
						"0.0": {
							"vector": [0, -5, 0]
						},
						"10.0": {
							"vector": [0, -5, 0]
						}
					}
				},
				"right_arm": {
					"rotation": {
						"0.0": {
							"vector": [0, 5, 0]
						},
						"10.0": {
							"vector": [0, 5, 0]
						}
					}
				},
				"body": {
					"rotation": {
						"0.0": {
							"vector": [9.51082, 3.84097, -14.51082]
						},
						"2.5": {
							"vector": [-0.75966, -3.13073, 12.14733]
						},
						"5.0": {
							"vector": [-10.63719, 2.49538, -9.64703]
						},
						"7.5": {
							"vector": [4.85877, 1.28268, 5.31232]
						},
						"10.0": {
							"vector": [9.51082, 3.84097, -14.51082]
						}
					}
				},
				"head": {
					"rotation": {
						"0.0": {
							"vector": [10.6198, -33.53494, 4.83868]
						},
						"0.4": {
							"vector": [-4.60787, -14.47498, -19.88789]
						},
						"0.8": {
							"vector": [10.6198, -33.53494, 4.83868]
						},
						"2.5": {
							"vector": [13.44387, 6.60796, 16.24074]
						},
						"2.9": {
							"vector": [-29.64579, 37.88141, -18.26219]
						},
						"3.3": {
							"vector": [13.44387, 6.60796, 16.24074]
						},
						"5.0": {
							"vector": [15.39213, -14.47498, -19.88789]
						},
						"7.5": {
							"vector": [-29.64579, 37.88141, -18.26219]
						},
						"7.9": {
							"vector": [-4.60787, -14.47498, -19.88789]
						},
						"8.3": {
							"vector": [-29.64579, 37.88141, -18.26219]
						},
						"10.0": {
							"vector": [10.6198, -33.53494, 4.83868]
						}
					}
				}
			}
		},
		"animation.scarecrow_walk": {
			"loop": true,
			"animation_length": 1.6667,
			"bones": {
				"left_leg": {
					"rotation": {
						"0.0": {
							"vector": [-12.5, 0, 0]
						},
						"0.4167": {
							"vector": [0, 0, 0]
						},
						"0.8333": {
							"vector": [5, 0, 0]
						},
						"1.25": {
							"vector": [0, 0, 0]
						},
						"1.6667": {
							"vector": [-12.5, 0, 0]
						}
					}
				},
				"left_arm": {
					"rotation": {
						"0.0": {
							"vector": [7.5, 0, 0]
						},
						"0.8333": {
							"vector": [-7.5, 0, 0]
						},
						"1.6667": {
							"vector": [7.5, 0, 0]
						}
					}
				},
				"right_arm": {
					"rotation": {
						"0.0": {
							"vector": [-7.5, 0, 0]
						},
						"0.8333": {
							"vector": [7.5, 0, 0]
						},
						"1.6667": {
							"vector": [-7.5, 0, 0]
						}
					}
				},
				"body": {
					"rotation": {
						"0.0": {
							"vector": [7.5, 0, -7.5]
						},
						"0.8333": {
							"vector": [-5.25279, -1.93597, 7.37739]
						},
						"1.6667": {
							"vector": [7.5, 0, -7.5]
						}
					}
				},
				"head": {
					"rotation": {
						"0.0": {
							"vector": [-6.66067, 3.45533, 27.29887]
						},
						"0.2083": {
							"vector": [-30.77821, -1.25998, -24.63918]
						},
						"0.4167": {
							"vector": [-7.32417, 1.61888, 12.39638]
						},
						"0.8333": {
							"vector": [15.05468, 9.5091, -14.09599]
						},
						"1.0417": {
							"vector": [53.50471, -7.02488, -47.213]
						},
						"1.25": {
							"vector": [15.05468, 9.5091, -14.09599]
						},
						"1.6667": {
							"vector": [-6.66067, 3.45533, 27.29887]
						}
					}
				},
				"lowerLeftLeg": {
					"rotation": {
						"0.0": {
							"vector": [12.5, 0, 0]
						},
						"0.4167": {
							"vector": [0, 0, 0]
						},
						"0.8333": {
							"vector": [20, 0, 0]
						},
						"1.25": {
							"vector": [0, 0, 0]
						},
						"1.6667": {
							"vector": [12.5, 0, 0]
						}
					}
				},
				"right_leg": {
					"rotation": {
						"0.0": {
							"vector": [5, 0, 0]
						},
						"0.4167": {
							"vector": [0, 0, 0]
						},
						"0.8333": {
							"vector": [-12.5, 0, 0]
						},
						"1.25": {
							"vector": [0, 0, 0]
						},
						"1.6667": {
							"vector": [5, 0, 0]
						}
					}
				},
				"lowerRightLeg": {
					"rotation": {
						"0.0": {
							"vector": [20, 0, 0]
						},
						"0.4167": {
							"vector": [0, 0, 0]
						},
						"0.8333": {
							"vector": [12.5, 0, 0]
						},
						"1.25": {
							"vector": [0, 0, 0]
						},
						"1.6667": {
							"vector": [20, 0, 0]
						}
					}
				}
			}
		},
		"animation.scarecrow_aggressive": {
			"loop": true,
			"animation_length": 0.9922,
			"bones": {
				"left_leg": {
					"rotation": {
						"0.0": {
							"vector": [-12.5, 0, 0]
						},
						"0.248": {
							"vector": [0, 0, 0]
						},
						"0.4961": {
							"vector": [5, 0, 0]
						},
						"0.7441": {
							"vector": [0, 0, 0]
						},
						"0.9921": {
							"vector": [-12.5, 0, 0]
						}
					}
				},
				"left_arm": {
					"rotation": {
						"0.0": {
							"vector": [7.5, 0, 0]
						},
						"0.4961": {
							"vector": [-7.5, 0, 0]
						},
						"0.9921": {
							"vector": [7.5, 0, 0]
						}
					}
				},
				"right_arm": {
					"rotation": {
						"0.0": {
							"vector": [-7.5, 0, 0]
						},
						"0.4961": {
							"vector": [7.5, 0, 0]
						},
						"0.9921": {
							"vector": [-7.5, 0, 0]
						}
					}
				},
				"body": {
					"rotation": {
						"0.0": {
							"vector": [7.5, 0, -7.5]
						},
						"0.4961": {
							"vector": [-5.25279, -1.93597, 7.37739]
						},
						"0.9921": {
							"vector": [7.5, 0, -7.5]
						}
					}
				},
				"head": {
					"rotation": {
						"0.0": {
							"vector": [-6.66067, 3.45533, 27.29887]
						},
						"0.124": {
							"vector": [-30.77821, -1.25998, -24.63918]
						},
						"0.248": {
							"vector": [-7.32417, 1.61888, 12.39638]
						},
						"0.4961": {
							"vector": [15.05468, 9.5091, -14.09599]
						},
						"0.6201": {
							"vector": [53.50471, -7.02488, -47.213]
						},
						"0.7441": {
							"vector": [15.05468, 9.5091, -14.09599]
						},
						"0.9921": {
							"vector": [-6.66067, 3.45533, 27.29887]
						}
					}
				},
				"lowerLeftLeg": {
					"rotation": {
						"0.0": {
							"vector": [12.5, 0, 0]
						},
						"0.248": {
							"vector": [0, 0, 0]
						},
						"0.4961": {
							"vector": [20, 0, 0]
						},
						"0.7441": {
							"vector": [0, 0, 0]
						},
						"0.9921": {
							"vector": [12.5, 0, 0]
						}
					}
				},
				"right_leg": {
					"rotation": {
						"0.0": {
							"vector": [5, 0, 0]
						},
						"0.248": {
							"vector": [0, 0, 0]
						},
						"0.4961": {
							"vector": [-12.5, 0, 0]
						},
						"0.7441": {
							"vector": [0, 0, 0]
						},
						"0.9921": {
							"vector": [5, 0, 0]
						}
					}
				},
				"lowerRightLeg": {
					"rotation": {
						"0.0": {
							"vector": [20, 0, 0]
						},
						"0.248": {
							"vector": [0, 0, 0]
						},
						"0.4961": {
							"vector": [12.5, 0, 0]
						},
						"0.7441": {
							"vector": [0, 0, 0]
						},
						"0.9921": {
							"vector": [20, 0, 0]
						}
					}
				}
			}
		}
	},
	"geckolib_format_version": 2
}